id=1;nome=Bruno Henrique Silva;depoimento=a
;data_depoimento=12/06/2019 10:07:31;
id=2;nome=Administrador;depoimento=j;data_depoimento=12/06/2019 10:08:48;
id=3;nome=Bruno Henrique Silva;depoimento=ggwp
;data_depoimento=12/06/2019 10:09:51;
id=4;nome=Administrador;depoimento=hh
;data_depoimento=12/06/2019 10:10:54;
id=5;nome=Mano Brown;depoimento=Minha senha é Gavião
;data_depoimento=12/06/2019 10:13:27;
id=1;nome=;depoimento=;data_depoimento=17/06/2019 09:25:06;
id=2;nome=Bruno Henrique Silva;depoimento=aaaaaaaaaaaaaaaaaaaaaaaaaaaaaaaaaaaaaaa
;data_depoimento=17/06/2019 09:32:31;
id=3;nome=Bruno Henrique Silva;depoimento=rukylyfddjfjigl
;data_depoimento=17/06/2019 09:39:45;
